{"name":"text3062","sprites":[{"name":"text3062_0","x":92,"y":0,"width":73,"height":37,"pivot_x":0.523567795753479,"pivot_y":0.6181585192680359},{"name":"text3062_1","x":179,"y":57,"width":76,"height":36,"pivot_x":0.5,"pivot_y":0.5},{"name":"text3062_2","x":265,"y":55,"width":67,"height":41,"pivot_x":0.5,"pivot_y":0.5}]}