{"name":"SampleScene","frame_height":10.0,"frame_width":15.86419677734375,"spriteLayoutStructs":[{"texture_name":"text3062","sprite_name":"text3062_1","x":-0.4090000092983246,"y":3.1760001182556154,"scale_x":1.0,"scale_y":1.0,"rotation":0.0},{"texture_name":"text3062","sprite_name":"text3062_0","x":-0.7009999752044678,"y":2.759999990463257,"scale_x":1.0,"scale_y":1.0,"rotation":0.0}]}