{"name":"SampleScene","frame_height":8.0,"frame_width":12.644474029541016,"spriteLayoutStructs":[{"texture_name":"text3062","sprite_name":"text3062_0","x":1.3630000352859498,"y":3.6459999084472658,"scale_x":1.0,"scale_y":1.0,"rotation":5.933770179748535,"flip_x":1,"flip_y":1}]}